"Composite.Element.REF","Beta_value","Gene_Symbol","Chromosome","Genomic_Coordinate"
"cg00144022",0.912799276465482,"BCL7A","12",122488854
"cg01357263",0.0374086038313738,"BCL7A","12",122459509
"cg01400952",0.0110264408853473,"BCL7A","12",122460473
"cg02584377",0.953369006299802,"BCL7A","12",122489545
"cg05450995",0.0163992665075963,"BCL7A","12",122460105
"cg05957567",0.196978989282033,"BCL7A","12",122467228
"cg06287140",0.814077189614837,"BCL7A","12",122468180
"cg07260273",0.0200457516329405,"BCL7A","12",122459695
"cg12550203",0.901780957825485,"BCL7A","12",122497302
"cg12657043",0.982821270847515,"BCL7A","12",122499187
"cg13717333",0.0168844387734575,"BCL7A","12",122459966
"cg14400030",0.983525259763053,"BCL7A","12",122498111
"cg15937634",0.0223540404908138,"BCL7A","12",122459934
"cg15963344",0.98759780506536,"BCL7A","12",122492779
"cg19525226",0.030785906042654,"BCL7A","12",122461295
"cg20260559",NA,"BCL7A","12",122499638
"cg20462883",0.318921959067872,"BCL7A","12",122461621
"cg22191803",0.946518182535016,"BCL7A","12",122499348
"cg23474890",0.0400050206496626,"BCL7A","12",122467179
"cg23704023",0.196429766385335,"BCL7A","12",122461358
"cg26218692",0.940756508030285,"BCL7A","12",122497826
"cg27193813",0.90858382315513,"BCL7A","12",122492914
NA,NA,NA,NA,NA
NA,NA,NA,NA,NA
NA,NA,NA,NA,NA
NA,NA,NA,NA,NA
NA,NA,NA,NA,NA
NA,NA,NA,NA,NA
NA,NA,NA,NA,NA
NA,NA,NA,NA,NA
NA,NA,NA,NA,NA
NA,NA,NA,NA,NA
NA,NA,NA,NA,NA
NA,NA,NA,NA,NA
NA,NA,NA,NA,NA
NA,NA,NA,NA,NA
NA,NA,NA,NA,NA
NA,NA,NA,NA,NA
NA,NA,NA,NA,NA
NA,NA,NA,NA,NA
NA,NA,NA,NA,NA
NA,NA,NA,NA,NA
NA,NA,NA,NA,NA
NA,NA,NA,NA,NA
NA,NA,NA,NA,NA
NA,NA,NA,NA,NA
NA,NA,NA,NA,NA
NA,NA,NA,NA,NA
NA,NA,NA,NA,NA
NA,NA,NA,NA,NA
NA,NA,NA,NA,NA
NA,NA,NA,NA,NA
NA,NA,NA,NA,NA
NA,NA,NA,NA,NA
NA,NA,NA,NA,NA
NA,NA,NA,NA,NA
NA,NA,NA,NA,NA
NA,NA,NA,NA,NA
NA,NA,NA,NA,NA
NA,NA,NA,NA,NA
NA,NA,NA,NA,NA
NA,NA,NA,NA,NA
NA,NA,NA,NA,NA
NA,NA,NA,NA,NA
NA,NA,NA,NA,NA
NA,NA,NA,NA,NA
NA,NA,NA,NA,NA
NA,NA,NA,NA,NA
NA,NA,NA,NA,NA
NA,NA,NA,NA,NA
NA,NA,NA,NA,NA
NA,NA,NA,NA,NA
NA,NA,NA,NA,NA
NA,NA,NA,NA,NA
NA,NA,NA,NA,NA
NA,NA,NA,NA,NA
NA,NA,NA,NA,NA
NA,NA,NA,NA,NA
NA,NA,NA,NA,NA
NA,NA,NA,NA,NA
NA,NA,NA,NA,NA
NA,NA,NA,NA,NA
NA,NA,NA,NA,NA
NA,NA,NA,NA,NA
NA,NA,NA,NA,NA
NA,NA,NA,NA,NA
NA,NA,NA,NA,NA
