"TCGA_ID","BCL7A_expression","cg00144022","cg01357263","cg01400952","cg02584377","cg05450995","cg05957567","cg06287140","cg07260273","cg12550203","cg12657043","cg13717333","cg14400030","cg15937634","cg15963344","cg19525226","cg20462883","cg22191803","cg23474890","cg23704023","cg26218692","cg27193813"
"TCGA-AB-2803",1.4449,0.925746115278477,0.0225917700907278,0.0120982198774187,0.9540091616832,0.0158887112240691,0.303443038772377,0.499975433443521,0.0205898866196063,0.930059816511824,0.978217964999265,0.0184826310713136,0.985639361268215,0.0245298794773892,0.985004017769453,0.157116446190623,0.672304176249753,0.959274139478278,0.193244930474213,0.304454320407921,0.947550806245321,0.933038703964797
"TCGA-AB-2805",5.5005,0.911067793655955,0.0210430045020569,0.0126084722883233,0.957570008988033,0.0186922011784529,0.108521619278292,0.871637675485838,0.022992780236469,0.909628434791516,0.977562165612332,0.0225250270350397,0.969187453958995,0.027240041708918,0.981936884691569,0.0528777737172346,0.681522773505841,0.961901911361198,0.0267902365261841,0.244767176468833,0.947049329351078,0.918332962751305
"TCGA-AB-2806",3.1705,0.919795947344499,0.0277157088076464,0.0151565233630774,0.961544842342638,0.0187438194010162,0.141962034403142,0.736262763774277,0.0170412148149482,0.899972401380653,0.974139515831583,0.0193563481631803,0.981917924833397,0.0312129914273886,0.986582971409038,0.0344064821982953,0.682165820949195,0.960901407134651,0.0378468319862124,0.201752721325684,0.925457224361275,0.895477948574863
"TCGA-AB-2807",34.7982,0.912939016027921,0.028868704810109,0.0143261708220161,0.951780387940466,0.0176443019066608,0.909133066743016,0.907216348074087,0.0186648764111783,0.891521321546246,0.977992443304337,0.0199460477491755,0.974500178042144,0.025838136321806,0.983689337755279,0.0890043205471363,0.732253138008547,0.955337435839325,0.976074081751271,0.349899482283645,0.93095455249719,0.901944132059992
"TCGA-AB-2808",12.8917,0.904548590033934,0.0264734903722168,0.013268297842971,0.926027830534537,0.0236502183909437,0.11217603885341,0.691077054807189,0.0164460407771617,0.934191469518588,0.981789833464116,0.016763031818587,0.978538926888764,0.0341461430140669,0.987455331641513,0.0240802584201574,0.322252087875541,0.96593588004553,0.0395404265171783,0.0786627710056094,0.931744815566066,0.932197519856494
"TCGA-AB-2810",13.8967,0.932792999856833,0.0280906277046811,0.0120458270460474,0.96009045001678,0.0214511938276007,0.798078960357538,0.914902911308761,0.0253787406762516,0.869647995579433,0.981526372579306,0.0232756089484243,0.982399334661575,0.0288336695051565,0.986772154133291,0.114321150178188,0.642347392231933,0.954971229083648,0.94932755042449,0.310674899476664,0.928504002260401,0.901748352299778
"TCGA-AB-2811",3.4519,0.919411960672659,0.0259287236488296,0.0117327856382317,0.962461574693125,0.019062945059829,0.182474836738743,0.912463191956698,0.0199102826179407,0.917540561904363,0.967811874344457,0.0185264407276938,0.985018441232559,0.0313385938046039,0.985233806758286,0.0254626236323654,0.0730038784405103,0.954696945551118,0.0470038578335564,0.0499440768336844,0.940127006355594,0.934303438015509
"TCGA-AB-2812",11.9177,0.925571539001627,0.0212050402725943,0.0143508879681962,0.958991002745681,0.0168130452899531,0.923956452509318,0.950788786344661,0.0180393635096449,0.910768900981728,0.975661332041701,0.0192716278206698,0.976118839632971,0.0311282008521612,0.981877896068678,0.204456157200477,0.849723718655495,0.964967125849568,0.97633746465089,0.468038885533674,0.93943736596712,0.937592759695241
"TCGA-AB-2813",4.3067,0.943624350421117,0.0275631106898324,0.0140089164689761,0.939932139276835,0.0204227141680693,0.226313299865651,0.931493215694988,0.0174301454075667,0.898688888586906,0.976692837866878,0.0217287281887721,0.974571179537443,0.0253715949333501,0.985913925542292,0.0313914783642603,0.0852671751872004,0.951463989557112,0.0435478409235122,0.0594117971341815,0.939322648467781,0.926561361882361
"TCGA-AB-2814",11.1718,0.909684456087262,0.0261537861631527,0.0140431269186528,0.943975629455386,0.0168403570380464,0.157433684129768,0.493939787884902,0.0184055629226186,0.88701176204948,0.98090516495813,0.022106899954965,0.981568863298326,0.022520889988714,0.980867023091252,0.0285456151956658,0.282599647710029,0.954218745015373,0.0642936949706905,0.102583154973111,0.943847816184296,0.887025609761154
"TCGA-AB-2815",5.9035,0.915878286449787,0.0301892760101195,0.0153430905077636,0.829892061476887,0.0280502632644344,0.924386291898928,0.909126820026103,0.0247756512910932,0.90273414284947,0.975038476558078,0.0216753767454533,0.971868584529821,0.0259177442035259,0.98115653591749,0.0374895446226637,0.598916627568327,0.967809946673809,0.980949095492351,0.173607624545979,0.933900763731499,0.841618940882828
"TCGA-AB-2816",5.2618,0.913349485057057,0.0233184501819863,0.0146467562358139,0.925638220067292,0.0185312119333617,0.83657160075395,0.885205563033525,0.0221084593138224,0.878779882067756,0.970836378762769,0.0242668944865731,0.957191360557727,0.0269741255521891,0.981050890053877,0.380516653923435,0.672817969839406,0.956904000458409,0.949302675862561,0.516019079466009,0.913506836093225,0.872470328772435
"TCGA-AB-2817",15.7288,0.928075211151532,0.0229156653858745,0.0126273738253778,0.958315274769629,0.0195758297802199,0.967999677614515,0.962215336183098,0.0178431499816527,0.898995185717815,0.981762327261696,0.0195212540971636,0.984885404125532,0.0338640734433068,0.986747617399272,0.0304958257323577,0.110160716278058,0.952218833885311,0.980906679111325,0.0777133469663328,0.953108081092993,0.936072992922101
"TCGA-AB-2818",2.5226,0.922978187541967,0.026283753468641,0.0116030442761833,0.925615781477835,0.0166486166491305,0.942383702096449,0.9607387084369,0.0182291329003818,0.925749672368325,0.972624688473741,0.0170314258858627,0.985583483034208,0.0301036081740026,0.987528473948701,0.0229608507479932,0.321158834020576,0.960092214139317,0.984293793041245,0.079945372732531,0.934997155346996,0.930667480216053
"TCGA-AB-2819",2.9421,0.910247804891278,0.019648266043691,0.0124165133751175,0.955630528222212,0.0199237047907373,0.339926991661189,0.895795919587341,0.0279739608998522,0.8745056032683,0.978814003189668,0.0201457533574148,0.975757568827096,0.0266333540931583,0.978920272639464,0.0227184679136059,0.0967274711438906,0.9600904701589,0.359972585129315,0.0566488096291321,0.94732099699555,0.902169006358111
"TCGA-AB-2820",14.6923,0.928645049339561,0.0228234302183076,0.0130846796095659,0.958899495999054,0.020640818492887,0.15096124114437,0.944338666966393,0.018756825141552,0.92646215154996,0.980817473014646,0.0190646650981785,0.976635331473241,0.0363423687664359,0.987508511828058,0.0263034282305761,0.223024483783957,0.955166023954348,0.0387105883674657,0.0608834512726746,0.946210753907006,0.932121307567631
"TCGA-AB-2821",7.3678,0.888480073878083,0.0210139066252416,0.0115567711222275,0.790771312138657,0.0148747174771916,0.139563089737437,0.698109714884835,0.016490673685293,0.908829569759929,0.985844590742486,0.0177162677246484,0.973849707033438,0.0238386208481767,0.98083521441633,0.0241741811371294,0.0793735013680943,0.946030926934632,0.0368881754030268,0.0586181039864279,0.921835432203774,0.916944798652174
"TCGA-AB-2822",9.7307,0.91943765189601,0.0239659229276612,0.0151654531737439,0.940240277742365,0.0162912573512377,0.298033886846386,0.88142776112808,0.02111626034659,0.899073985284448,0.976085892352569,0.0206381015902715,0.97252290662159,0.0233611023876305,0.982221062013691,0.0188237657114124,0.293185078492623,0.956916941127002,0.123280993768527,0.0575188241112217,0.927362334910466,0.899842212386145
"TCGA-AB-2823",8.3625,0.915564001461078,0.0287743228149238,0.0121003419625107,0.922137545300486,0.0234846920512462,0.78963961344083,0.848209183394041,0.0173691436792154,0.897869980085048,0.972815893721612,0.0213248184670081,0.95684176061245,0.0314800576865129,0.974002612863306,0.0195403004254938,0.126026014837968,0.943295324339135,0.955648148806072,0.0565052356503373,0.887107254535829,0.84152413785412
"TCGA-AB-2824",11.8264,0.903758270303859,0.0317779200123112,0.0600020076398152,0.912901085170602,0.0237505564189748,0.670522920364762,0.812676545928363,0.0251460820215271,0.847921900086288,0.968107521139999,0.0238133286769833,0.945652643267264,0.0306438189112746,0.952973803410711,0.0443959546442365,0.328110171499648,0.951464601588533,0.840417832437176,0.107958650860519,0.824542508469268,0.793537122199102
"TCGA-AB-2825",7.1552,0.914555427000592,0.0319664594763337,0.0129522214668245,0.91931871958763,0.0223823225168347,0.146225795703643,0.669809866791378,0.0223733696888754,0.912024209196635,0.974977777550068,0.0247812003689016,0.969852255836013,0.0319855562845006,0.981253315527135,0.0227240142870426,0.0923448078907844,0.962374967060491,0.0345378209755882,0.0534924765180378,0.891923042453906,0.888046020532438
"TCGA-AB-2826",5.3644,0.917323757791765,0.0264571379116133,0.0110186530370071,0.956861368414233,0.0170375365016852,0.839820957310149,0.935485599906514,0.0182722388127085,0.919320656679691,0.983672414100187,0.0165947178358455,0.980472019105618,0.0294895687516388,0.986087987123256,0.025760729912017,0.155438824328894,0.962684824321927,0.978082518656726,0.20219361779827,0.928239245767247,0.913542507966981
"TCGA-AB-2828",5.1038,0.932806971956213,0.0216293690930442,0.0128365344589014,0.797969236166948,0.015952513301125,0.234799747160861,0.845361979893207,0.0163199722295998,0.811239495960319,0.982816910913121,0.0169748809771916,0.886745027144137,0.0241030253080171,0.980444786141941,0.039199952828923,0.628919560637782,0.94983703466124,0.0649153977017476,0.253014108055418,0.938139011703209,0.90307526963647
"TCGA-AB-2830",22.3581,0.904835281133744,0.0276498330173055,0.013922138749714,0.935464040916473,0.018664787474719,0.159180604298913,0.748106965045938,0.0189245463310206,0.878010554437148,0.984535449155007,0.0194546105028068,0.973670009165049,0.0277689653559559,0.981963469094258,0.109266336167865,0.731368421593371,0.949079992727163,0.0447212896283088,0.288448761909159,0.9227798488617,0.857216240429837
"TCGA-AB-2832",18.1781,0.903776539865672,0.0262356649172157,0.0134980096444319,0.918632461357717,0.0183546446442182,0.402694940834951,0.783908975459421,0.0191337709798162,0.898101464428435,0.983877464162536,0.0217944035983304,0.976310726633102,0.0278974250041792,0.983457278509702,0.0884255272972889,0.518048119292748,0.944475490831084,0.363258039285358,0.327015758633003,0.928201850004771,0.866524736862989
"TCGA-AB-2833",2.6577,0.928208897324344,0.0295198295049706,0.0120014109835808,0.943569152922679,0.0200886890200258,0.833512248388635,0.928205864532469,0.0164819426756428,0.834885779086532,0.979818642573682,0.0251371882306913,0.972888671491476,0.0290948765828103,0.981319365580453,0.0307490603073231,0.158999384850571,0.946087961563914,0.930008858125954,0.0747696304315962,0.93638690634847,0.906943165124361
"TCGA-AB-2834",16.3213,0.91912787292001,0.0273549131783646,0.0113684744834165,0.948619659589888,0.0194895744353221,0.524331494693039,0.81889449579401,0.0153108274835594,0.907735441044106,0.980762293304403,0.02258831842356,0.974226491463593,0.0310230390675651,0.986247140554052,0.0252467367403932,0.412559174764093,0.9487188436246,0.554389099298517,0.115806239091556,0.911568548459308,0.903383957608476
"TCGA-AB-2835",1.0894,0.928326294672575,0.023934961971263,0.0132185136387896,0.959227430321491,0.019190752743443,0.675120705834902,0.774711514174741,0.0148384131661844,0.914255680076808,0.977756199195533,0.0179665415283777,0.965268112723961,0.0276751742869504,0.986459347946378,0.0271792542413956,0.167733936124731,0.964588869053607,0.812913142077962,0.0631178223963417,0.942048398534758,0.914628454761319
"TCGA-AB-2836",4.6795,0.935438911391157,0.0211897711536365,0.0144852714362693,0.965002701445131,0.0216942506788708,0.921158116875819,0.92861192407528,0.0190816875055194,0.904233410945529,0.979336397177717,0.0192256649283993,0.980783134439017,0.031404432076151,0.986134450908319,0.0365754637949909,0.263979379831398,0.956388388082844,0.977697654131718,0.0477871924643964,0.95218896399931,0.898449860069572
"TCGA-AB-2837",1.8108,0.921731451794474,0.0199028508881144,0.0146789815303304,0.926360919160149,0.0179171286750893,0.103606693524125,0.768628748039742,0.0232179070172726,0.910493271373095,0.978330327480313,0.0209655612614471,0.96943123539939,0.0263636773627901,0.980163756160741,0.0286951102479689,0.556841311007982,0.956731328614666,0.036704254613007,0.199362061893555,0.938956750839218,0.891724992113061
"TCGA-AB-2838",6.3143,0.928859908906146,0.0230009544981236,0.0133102216504394,0.946077438224909,0.0185543850825345,0.112423778638366,0.786341083839702,0.0210278445147549,0.901717892089603,0.972958930544099,0.019135855680177,0.967147643746265,0.0353033807639797,0.978995729049464,0.0258868149244171,0.122918273863183,0.950321431806663,0.0427873039691891,0.0728010291718968,0.906475581830148,0.897192165124798
"TCGA-AB-2839",5.2772,0.912635288955413,0.0211415670613076,0.0126215135077741,0.923698505208225,0.0183151569141524,0.142692401813621,0.651891788906831,0.0184941492493278,0.873681691888877,0.973382437877476,0.0177290985542752,0.976567075804013,0.0264978283591053,0.987398665797391,0.0301874623218248,0.459338553309897,0.954373347314752,0.0318878097898883,0.121524894131064,0.911020723302427,0.863428393727975
"TCGA-AB-2840",16.1049,0.931581797138501,0.0245786989422966,0.015998970636824,0.965411778814671,0.0184784107792969,0.203500473821044,0.922310122694309,0.019523238293247,0.908552150964569,0.97312521603598,0.0216045336719608,0.982255668549834,0.032124085185021,0.983646137293644,0.0908725726804009,0.590656210539852,0.951530450500391,0.0270016034641476,0.334648621095154,0.947964773734103,0.93138255317492
"TCGA-AB-2841",2.3721,0.90199575407887,0.0218700557603704,0.015740514871967,0.955973073857204,0.0181481168577293,0.157931652864507,0.822462964604769,0.0202664465008972,0.913341810680562,0.980757668655445,0.0218771452447054,0.972952322367367,0.0329801160033242,0.984376678918457,0.0386811953598827,0.478963220874279,0.955993172877977,0.0312679946731272,0.0721717758220575,0.91418159321989,0.870274936836665
"TCGA-AB-2842",20.0766,0.944985710578697,0.0176521334167394,0.0118493065712239,0.938549202967145,0.0175187667059993,0.348410178944069,0.885334454577391,0.0175047757938574,0.889644933798543,0.978112659073528,0.0167202099150787,0.9745605421328,0.0248562485345789,0.984616548493958,0.0466057620192246,0.238514472833996,0.953576619254166,0.187441736354103,0.129324708746344,0.948041178085006,0.852338974460262
"TCGA-AB-2843",3.0056,0.937951418491466,0.0208092140202677,0.0133403305509864,0.947493531425119,0.0168210994150721,0.823938541288553,0.905769588209336,0.0185499596021585,0.86626680676535,0.973457083005948,0.0192507667938408,0.967569557786563,0.0297278822552669,0.981300436221199,0.0320471261092912,0.470955321359253,0.942523980712771,0.95978842617881,0.261122942163765,0.857825474166393,0.840464533491055
"TCGA-AB-2844",11.3272,0.951028235077057,0.0298576284987768,0.0158831995157543,0.955004483475681,0.0170337532411245,0.122890156564826,0.895745926385294,0.0226639674961836,0.900257234059777,0.975725497644879,0.0209545718814807,0.979196352434759,0.0267219064359293,0.983505571127745,0.0260744284170729,0.64158321297582,0.947756296466579,0.0342931246613041,0.0758536326241334,0.935790910246594,0.922004390423038
"TCGA-AB-2845",18.696,0.917322071609434,0.0239715847509876,0.0138559048215574,0.952756595764894,0.0178872726720379,0.34574847574156,0.542561497234907,0.0197441985943546,0.897471446942746,0.975275158808788,0.0205809131755706,0.970013358994686,0.0228551062983717,0.983628868692744,0.142230670988971,0.722255512567642,0.965030999118965,0.235016828767569,0.348015161147641,0.930815605498248,0.901522333770994
"TCGA-AB-2846",11.3866,0.924013076753265,0.0231286679589536,0.0130463287226344,0.939272070074628,0.0181318854003527,0.883265794866649,0.910342365265296,0.0208831574443918,0.920775970697875,0.979081134708837,0.0185999943518648,0.97999114724697,0.0288841679402128,0.984526462005865,0.0288479954284974,0.344735616289235,0.956103034953475,0.973796093757019,0.0819504093668394,0.927636882227163,0.901886983300695
"TCGA-AB-2847",19.1329,0.913969680792459,0.027201490356712,0.0130167875452322,0.934168910414143,0.0161701758326063,0.777054543066536,0.891691220496739,0.0168291107619551,0.881921489325804,0.977942431138661,0.0194916530699494,0.965199916390833,0.0231773873836524,0.979950353846234,0.0262887492541503,0.265612870890622,0.942230808545554,0.946861166528464,0.087455868405599,0.910980780694765,0.857386807208667
"TCGA-AB-2848",2.4266,0.905559213748329,0.0286384683257783,0.0151244053101434,0.913187742214499,0.0214586769094524,0.572426663069408,0.828041779235974,0.0193702143148382,0.886259834334658,0.968438376840387,0.0241058806595256,0.945270280915485,0.0334731281102971,0.980094833641232,0.031423215153352,0.0931330278410842,0.908302781018972,0.560410068744289,0.0799889509643004,0.897975979665956,0.880413350298256
"TCGA-AB-2849",24.4268,0.911789338421273,0.0245891877601701,0.013376841870428,0.791124544939988,0.019197460337077,0.602387693614875,0.645024457094531,0.0209028286566424,0.871850885021882,0.981027780048007,0.0189111359327418,0.949269977293779,0.0320414779567604,0.986047625390917,0.0260338490422474,0.0773153708356305,0.955974734072898,0.741470173253715,0.0678246952028218,0.887056383314647,0.910827585851271
"TCGA-AB-2851",2.9457,0.887784378410417,0.025878351950949,0.0121827232075032,0.951892090754514,0.0162236460680909,0.152649125018082,0.87149488620805,0.0173480062139609,0.896135452210173,0.986698663819498,0.016671334285068,0.978851452288446,0.0299426201794189,0.983324745739398,0.0235362401717448,0.257423967749335,0.961023036229149,0.0321936234659717,0.0691176340463212,0.933455710790667,0.887248445782639
"TCGA-AB-2853",3.9846,0.89612944849266,0.0274505851255631,0.0134686674772242,0.889751678002009,0.018896266249669,0.126160031562892,0.804880639581528,0.0196732210272799,0.874666823481085,0.975690263760298,0.0180793418029285,0.97523690208158,0.02323039909661,0.980328243123571,0.0218662025816745,0.292475199876294,0.905496230612896,0.0440802534694987,0.0596716530956803,0.931141136783649,0.864959016108937
"TCGA-AB-2854",5.1913,0.923108723049201,0.0218169180825946,0.0107283143079186,0.949873152016855,0.0162577662544862,0.782807558445861,0.873422710185841,0.0182178158174353,0.895743061016906,0.979575724454537,0.0172525887832886,0.976698269094477,0.0249482819961344,0.989048707900839,0.019658103560991,0.127306348797393,0.954302394029257,0.958556721988327,0.0578376415578421,0.925262674168924,0.868500017791193
"TCGA-AB-2855",16.5976,0.917376556256427,0.0203910357289958,0.0143257325783255,0.813037290673946,0.0205348622473268,0.261262692573867,0.926843962451965,0.0213820690797164,0.907128342188106,0.978056468071706,0.0226539129115677,0.965668547375541,0.0250439435503477,0.983462269424254,0.0261759610917552,0.199148315541716,0.965101603383118,0.0565040207079097,0.0731997891587056,0.951286343593835,0.897979343515622
"TCGA-AB-2856",13.5772,0.912379563735039,0.0205707685428604,0.013324401665399,0.94654243726889,0.0161154379606504,0.42449511858963,0.901593378292027,0.0183106429424469,0.918583141315266,0.982445584701376,0.0223779415120109,0.967425936707149,0.0288268869250882,0.982778055691946,0.0328784388486248,0.289456779166179,0.960308441601666,0.345190601044708,0.229989121896481,0.946751133880175,0.918303192216515
"TCGA-AB-2857",6.5534,0.930229160583626,0.0208875872760861,0.0140523368067033,0.94910615463055,0.0212570259059855,0.858682824530475,0.905641806607862,0.0220743933625228,0.906199560075023,0.975132332612342,0.0213311780005027,0.974807596363469,0.0333760004476351,0.984836177329698,0.0260163996087614,0.29722450329367,0.958706802071668,0.971496159660735,0.0471828669158612,0.926962249986798,0.891681924999726
"TCGA-AB-2858",5.7383,0.937266532834757,0.0302761328594971,0.013441615202801,0.939720810749283,0.0201767814405559,0.146228652664435,0.889542838572917,0.0221781826565615,0.929554560919918,0.978212763268373,0.0206709185155262,0.97796653728505,0.0280284663261772,0.986118574645397,0.0370606876426196,0.419316523361795,0.955685169971193,0.0605256538988784,0.112888123753262,0.935519204669224,0.915784686350858
"TCGA-AB-2860",9.6088,0.926508539617826,0.0244605132158067,0.0143376636783068,0.962059304035109,0.0242520484844618,0.787490691022325,0.927485452459739,0.0200691407223559,0.896309204118571,0.979856295630732,0.0191450111290441,0.979242817652091,0.0426156083253751,0.977717840445918,0.037327614195318,0.25335056209955,0.947338302375823,0.935523685420064,0.155241013502999,0.927226316365443,0.897013186341077
"TCGA-AB-2861",1.8878,0.907111684319996,0.0271375207521955,0.0118697322542914,0.955217943613715,0.0204709727859374,0.146585458274102,0.857332603332934,0.0171710697614443,0.890313794578715,0.980985125972065,0.0222861601478902,0.982837799053581,0.0320463882416261,0.986298223852754,0.0279811539520091,0.551126058473719,0.969510144395904,0.030755070934953,0.0711316078113393,0.943015486832212,0.912159771980327
"TCGA-AB-2862",20.2688,0.934746066076316,0.0194800581175779,0.0120453171034715,0.918528367000051,0.014880992513141,0.0863017214008347,0.688854583363767,0.0160774814038578,0.881320091866964,0.97395362290578,0.0192766012764266,0.949867754558301,0.0219155656224638,0.984763700849011,0.0186022512902703,0.120601183106734,0.954024095959419,0.0264906160217836,0.0569837733266718,0.920844025850305,0.880016121711917
"TCGA-AB-2863",14.0586,0.927870479607557,0.0215781042604157,0.0135868951464831,0.85033885095402,0.0165912984172975,0.145720086363579,0.700440566567427,0.0180752646499347,0.93195815311766,0.973355830661461,0.0190249443904927,0.970908011478856,0.0224967196043831,0.984780918615415,0.0266151771314597,0.0950186079089289,0.959226728908832,0.0299027908715252,0.0563349734925978,0.926896201550217,0.895652226586555
"TCGA-AB-2866",9.6246,0.933093749119481,0.0270122389723726,0.013887530686268,0.947754188970716,0.0156230992422665,0.15070217162697,0.722099267479578,0.017018242249715,0.914939526327028,0.979484337261325,0.0184832483840215,0.973284818835985,0.0213552032783294,0.98321155382594,0.0242169146061697,0.237980248627833,0.956331962335168,0.0477577346506688,0.0894141312488852,0.949818135208498,0.933311585215742
"TCGA-AB-2867",14.6542,0.918002960980493,0.0245316568181148,0.0102131822345017,0.860375640590527,0.0191080376634226,0.172153331752045,0.813121858629906,0.0228042574725628,0.897537116342808,0.976098877865852,0.0196408414108154,0.967156007071508,0.0281854711622024,0.979739484767162,0.0239881879874875,0.538527576196215,0.950708345389157,0.0461420226793101,0.0656518136296655,0.921666071068684,0.882337013202496
"TCGA-AB-2868",12.7377,0.912198047592628,0.0270954614572351,0.0157109220989165,0.688885918734826,0.0183460320853022,0.123478745124001,0.472379048120204,0.0306436484804377,0.909597387650861,0.979312695592393,0.0230796092464525,0.977828044656566,0.034498308348703,0.97828570593671,0.0227360254018958,0.10573535440883,0.958950373069505,0.0269284021970807,0.0579373086254898,0.940341267104362,0.897596093989386
"TCGA-AB-2869",19.1319,0.909200164879548,0.0317075670740114,0.0176572947202236,0.790188319913898,0.0238748879698759,0.911676635256946,0.927235080000873,0.0284108535070711,0.897335791699507,0.981352797960831,0.0241694980065262,0.968938886164755,0.0284003431898098,0.982173277071032,0.0413396505608285,0.774833481751213,0.955940254211867,0.976105434946077,0.134474972573422,0.931052818173348,0.906401168623433
"TCGA-AB-2870",9.362,0.938440098646343,0.028152782815457,0.012589734709134,0.919957101754957,0.0187293448897448,0.499614337654446,0.646813454116329,0.0196597820304486,0.904728851296774,0.975269158976943,0.0199778681683756,0.956920960480189,0.0328186585938147,0.981043946929727,0.0241164574118999,0.162640679160771,0.959111440021529,0.402360993363867,0.0499100007695219,0.900798623234028,0.916063997967629
"TCGA-AB-2871",10.2864,0.921978419096509,0.0223342208136397,0.01717443836646,0.966002317742955,0.0221497418719703,0.917718929002785,0.941377732008632,0.0238678867749255,0.908553569841812,0.978254154570988,0.0277943158236393,0.974530240238541,0.0492895750766308,0.986789434708445,0.256623708380744,0.820967305496596,0.954695241231751,0.972305139786702,0.529117187602252,0.953738547447455,0.91390019284371
"TCGA-AB-2872",4.0143,0.924330598406686,0.0266312884200309,0.00965171295775218,0.956674922216032,0.0183479571438193,0.836099649670185,0.867462471565258,0.0190522101927388,0.898122224540025,0.981132563579687,0.0173456409252613,0.976321919418339,0.0268103055000569,0.982702174543857,0.0217114244379593,0.480653426799939,0.964631067375174,0.97039163749938,0.0997076667702175,0.920169953548615,0.895085042512546
"TCGA-AB-2873",2.6703,0.905889393965407,0.0296747934911546,0.012420360813796,0.953880866999479,0.0161018377572703,0.914035360588664,0.935730489496936,0.0174588578225824,0.914759686466816,0.968740727414175,0.0190675595901247,0.977699662709626,0.0272956501314733,0.986190803485631,0.0294972521918902,0.126994703101383,0.960326752783833,0.977155337750368,0.0662186045409271,0.929084603490885,0.920920432052223
"TCGA-AB-2874",8.2568,0.923660658056237,0.021955643639864,0.012995382191422,0.950615935808578,0.0181361461529663,0.715045636537126,0.877156328375896,0.0245391299295589,0.862310092045254,0.976541654076125,0.0223539624737707,0.954752975928499,0.0251954963003561,0.978756402749127,0.0833427394781356,0.600182365966739,0.966335675977777,0.805619762332439,0.21666748169088,0.897393175533688,0.871852202706205
"TCGA-AB-2875",6.8801,0.918271048531881,0.034737837377497,0.0118517942327929,0.929163488971737,0.0209446232755295,0.379743954485057,0.539236353013056,0.0192683617794277,0.916595585027338,0.98474152135648,0.0224936295541909,0.964188680505773,0.030846279192503,0.983687770528331,0.0325017753655347,0.171981981711662,0.957308967633756,0.181774826719699,0.0745783852654436,0.924733752001431,0.930349208233821
"TCGA-AB-2876",11.4762,0.911887369446148,0.0244946488320121,0.0169851048987402,0.944701838694081,0.0184416729536238,0.924981149706038,0.915560983518855,0.0229895144069252,0.921509508544235,0.977448075970965,0.0270628730430158,0.961709646810241,0.0254618065154822,0.982952228153092,0.0298703704275821,0.565453023282587,0.959762746139445,0.974357548619989,0.192968530288355,0.922633085387253,0.900514139675991
"TCGA-AB-2877",25.6377,0.903537097479037,0.0221128402354624,0.0120264065497706,0.96247010988083,0.0153101884269171,0.945547353611361,0.938903562103687,0.0164212205402111,0.897943366152772,0.977130835974803,0.0218711176562979,0.980985232164659,0.0290979596745893,0.987173738803451,0.0283863231278861,0.645280527003588,0.960856360614775,0.980425902172184,0.0858302903078096,0.936468790302743,0.921167041256944
"TCGA-AB-2878",13.2619,0.907715134749965,0.0306419520311487,0.0123126336282925,0.958058368194053,0.0195752875977867,0.870431366124057,0.933298035778459,0.0240559093426912,0.911810945078648,0.973925414281914,0.0200050391974712,0.967755878134366,0.0269241953972955,0.981748825287383,0.0313177506717027,0.444559588726427,0.945766241676251,0.962627176371187,0.100508347359943,0.917193135712153,0.901218022070673
"TCGA-AB-2879",25.3985,0.911912925675705,0.0267832422632176,0.0141827328533738,0.929061588526594,0.0177469071016933,0.656956454333215,0.767322552038099,0.0203969210224287,0.871123587271477,0.971214217689593,0.0210956655497421,0.955063391343385,0.0285939894306702,0.977297161998646,0.0241558826603858,0.12218900948878,0.948595914152998,0.845420463800756,0.0577254427487361,0.906585645182762,0.820840310862884
"TCGA-AB-2880",16.8402,0.90582437686001,0.0271216904126893,0.0130613024412288,0.940036446280303,0.0173196762998306,0.363512546017015,0.843185176705946,0.0192162792910356,0.904840468772825,0.977118354025609,0.0188634581889273,0.976830364797757,0.0257202515082085,0.984183424084382,0.0356370736699253,0.448685009403607,0.963552615148692,0.171603826476847,0.119951355240738,0.927592263729436,0.897719015431381
"TCGA-AB-2881",4.5089,0.930385127329488,0.0340889013025309,0.0178574864028757,0.955448035030929,0.0214775606142253,0.257849385395285,0.441788647146073,0.0249849117144725,0.921518109939364,0.981528750784551,0.0194394682808012,0.981601934846468,0.0444656388612544,0.983604410489026,0.268673039526917,0.714971493337071,0.961546028232336,0.047193666288906,0.441211267700521,0.94217107242256,0.935120818227172
"TCGA-AB-2882",9.2536,0.917004348695556,0.0239709102274227,0.0149813288456095,0.935578392859616,0.0173805232128327,0.265434415222066,0.443926012690779,0.0215068469994559,0.906994979485356,0.972615074255706,0.0211335425135949,0.972714860636885,0.0283118754395511,0.982450810133184,0.13574130795374,0.496650909500205,0.95041080027315,0.106726157729644,0.334217244520756,0.925262677646443,0.896153145844692
"TCGA-AB-2883",12.4192,0.916613019976496,0.021558136759282,0.0172314770753695,0.818202437790022,0.0181091031718501,0.436092582858614,0.87218959322144,0.0207098447094688,0.892154584798272,0.97678153608453,0.0227793442475794,0.974162708678726,0.0283401054344218,0.978031974079071,0.0482134812659146,0.341814309739164,0.943238143662784,0.324984206396297,0.104345060321847,0.937882308693587,0.892594529393548
"TCGA-AB-2884",12.396,0.908268861816594,0.0254468865291237,0.0137679737481393,0.942533037181796,0.0190940792578171,0.313418969177572,0.903241795906881,0.018818992021354,0.911113871930888,0.978759797639965,0.0200346564168195,0.974842276676409,0.0268352301347883,0.98583993571544,0.0645177729221284,0.442670314225905,0.961209228377665,0.136851274899421,0.200846491234774,0.936365629849701,0.908178819510146
"TCGA-AB-2885",6.2279,0.925232060537737,0.0249399247446271,0.0146408288054961,0.9311313512506,0.0203617816192018,0.120735115400801,0.835669253419957,0.0239792598103527,0.94894101521538,0.979755710795279,0.0241895104918365,0.984811648815259,0.0329041706403343,0.981239306463878,0.0339626062818901,0.461805616863168,0.942220308703454,0.0379146296121576,0.169682479204978,0.934287617884294,0.920788355588995
"TCGA-AB-2886",7.3984,0.918358725785096,0.0240434399903547,0.0149808175449122,0.855778912777313,0.0172265369829594,0.210863691972084,0.847466031709635,0.0214190126948417,0.904294682803914,0.976171843020127,0.0217332663656735,0.976039795758013,0.0310184448465811,0.981748319433084,0.025580440294648,0.309834070654591,0.966583508257332,0.0398317419044107,0.0554869258906909,0.933653538853657,0.902413999178053
"TCGA-AB-2887",26.8218,0.92145355819473,0.0276959950074077,0.0148639136751357,0.956142549851072,0.0188707109654376,0.822487896024357,0.879284556603265,0.0233779836239222,0.901608039068712,0.9816937350114,0.0230509857819837,0.968800212514049,0.0284321691019514,0.981561984012012,0.033418869219076,0.155171048556847,0.956098504388874,0.928300768183328,0.0772343276686979,0.927371633620039,0.903820455898656
"TCGA-AB-2888",4.2838,0.920860494392817,0.0264219759536049,0.0093250423154432,0.883989427200024,0.0193361211583026,0.880763904903667,0.931962315147972,0.0161849348590852,0.899254946019593,0.978855620088672,0.0158449147863049,0.980884275211579,0.0346461529337827,0.985555913110103,0.0255214499917289,0.114289540666141,0.948471904307252,0.967846554608606,0.0529663457289729,0.912824196992841,0.877989085435236
"TCGA-AB-2889",5.0865,0.938171414727522,0.0191522000063479,0.014202663570507,0.940327523505262,0.0169119354791459,0.0733524107738256,0.928656130085162,0.0172108295898045,0.906735238284685,0.980589583694696,0.0197554604687434,0.977133636265966,0.0253841728072258,0.985592670193713,0.0200211300486153,0.234887847496983,0.963889288831709,0.0302741194220353,0.0491104607774276,0.947284963711805,0.930146179179943
"TCGA-AB-2890",3.0105,0.909493294599583,0.0198897935253522,0.0129873384355409,0.942128009294011,0.0166558156072521,0.875912126106806,0.905733349066768,0.0197474832265316,0.932264029489626,0.974230318480051,0.0191517928628573,0.973390692573831,0.0261391176407126,0.983389416662967,0.0344991666743606,0.392243276396438,0.961302172088605,0.955238911503339,0.0642548267133195,0.922627098772754,0.899946639249453
"TCGA-AB-2891",14.7096,0.892357644193995,0.0284261449333178,0.0148567969182787,0.851722825923974,0.0193020887114143,0.301664357176087,0.774797719091738,0.0206945847361465,0.663249090074867,0.974278340366972,0.0245936586804926,0.61436933968567,0.0314199899600758,0.938651666629533,0.038027721800047,0.396773930678806,0.951624809338533,0.147733977019988,0.0787729815878061,0.74179379726671,0.80552519299822
"TCGA-AB-2892",5.7469,0.897624910368903,0.0230836632555594,0.0155836891345127,0.942160725380953,0.0229018505346601,0.142624846576229,0.473797531862428,0.0222765507601345,0.913710471501303,0.977481744998398,0.0185611640803873,0.976144084799234,0.0366085028007054,0.985725044325069,0.0817683550743706,0.469853881823759,0.965453578934313,0.0407008878682315,0.199235906119214,0.933757913371245,0.909113692895196
"TCGA-AB-2893",12.9747,0.929499752098664,0.0221590313453071,0.011971049520509,0.947190195804442,0.0168038835896677,0.819864715253018,0.91348222937321,0.0204671173022832,0.893404942175111,0.979734472375744,0.0213367363528563,0.973404676546506,0.024381452527215,0.982147496314984,0.0348330219161154,0.292912939225067,0.96226662837668,0.967622956918573,0.0910083833296925,0.932881021101736,0.909811034530917
"TCGA-AB-2894",13.6916,0.929489762741163,0.0240100845165842,0.0148198263591196,0.747620629695966,0.0176401754708577,0.265043336835887,0.439074507728319,0.0203362451477429,0.87326733272264,0.974087005119004,0.022673167722887,0.972561672705421,0.0299217764459834,0.98155527274492,0.0276131512468258,0.128811025463889,0.950407904210856,0.0769309124118248,0.0842876939978487,0.915739203240748,0.888553517338811
"TCGA-AB-2895",13.2702,0.900933990155828,0.0252496639965569,0.0118077725387572,0.244525838941858,0.0174115469428081,0.120438774880646,0.892723788905364,0.0203576212475053,0.922852856365374,0.980781734296863,0.0220766783076234,0.975749424746603,0.0285568034468459,0.983097218003736,0.03030939325725,0.114697980339853,0.950559199308567,0.0336336851765474,0.0545290458166007,0.935166285383209,0.924545266810832
"TCGA-AB-2896",19.072,0.902517800847467,0.022247409985326,0.0117738034092826,0.850840629751358,0.0162627444088253,0.255779857144014,0.50685040355515,0.0149131316974188,0.893360438787658,0.978027603701571,0.0189772260821117,0.958027522029475,0.0222139426002117,0.985333427668377,0.0241792795618506,0.133368805548558,0.950665286571401,0.0736555328516817,0.0578996484790052,0.900905420905008,0.866370701596895
"TCGA-AB-2897",2.6858,0.941098916684698,0.0191918758861022,0.0131699242189492,0.928433464308759,0.0170807002585659,0.800405224578892,0.9068938224674,0.0195106514239139,0.904173264927037,0.978805638939536,0.0209997963933023,0.971660984657955,0.0309452109525983,0.984294996362763,0.032098952156016,0.653247993907817,0.950029143868924,0.960875618665761,0.181764094898881,0.923930289041248,0.887911936984019
"TCGA-AB-2898",13.4484,0.920953101634156,0.0206923701416261,0.0141319793502287,0.809334339812694,0.0162877636127445,0.129776160884301,0.594298831907172,0.0184151710082235,0.903221989288164,0.978160438619408,0.0173160817176225,0.974531014486861,0.0283750071270059,0.983310154067105,0.0261512968490689,0.0844871203727699,0.965373314352764,0.0359659085192183,0.0591355790744986,0.953189022732763,0.913275077774404
"TCGA-AB-2899",18.3921,0.908479895204157,0.0295964684262315,0.0140308746882296,0.940450920161151,0.0165114745141592,0.212337976901816,0.88722953015683,0.0221773467598448,0.88760473688571,0.977047831702363,0.0181293220768847,0.971415828890741,0.0263305537887345,0.986361673835183,0.0281612691939095,0.128000770689405,0.964157445686458,0.0411355175978559,0.0685753616353556,0.902427681250629,0.896012104035993
"TCGA-AB-2900",2.4421,0.916307223026968,0.0228198353141044,0.0134412493682009,0.941660782354648,0.017602791952698,0.59793822581721,0.863082198215208,0.0193065520405158,0.907484151263159,0.980102328114756,0.0185968669111874,0.972953038623215,0.0296775925626853,0.985679660857121,0.0275726778396937,0.330180853334069,0.966971754034986,0.605548296068184,0.0704780538764135,0.86259381574953,0.900999598100375
"TCGA-AB-2901",8.3229,0.921936032265944,0.0246374989813733,0.0113253430685144,0.879589430558765,0.0176632137432467,0.131043202838735,0.555055003274867,0.0193407441413912,0.923397187343307,0.980476854638866,0.0151480714094842,0.975551320396109,0.0283038296230925,0.989103905268306,0.0218010222292117,0.0794010852957856,0.962546639546812,0.028298972927078,0.0524124861801396,0.935457619363327,0.944498345009628
"TCGA-AB-2903",14.9834,0.902244310853029,0.0328025619164014,0.0135414542356479,0.959749426680932,0.0161329281919244,0.16565426711776,0.863865635088903,0.0178914439417434,0.924327532765453,0.974947906912742,0.0181146623878952,0.974421060414214,0.0243485385460539,0.987057892887619,0.0233839856359018,0.127018668294938,0.96029732855213,0.0508786069085104,0.0767446368185845,0.907044618132634,0.882896783327288
"TCGA-AB-2904",11.4112,0.894087971750339,0.019615361812249,0.0143965078952008,0.892013407360365,0.0175101901705544,0.218946490258991,0.81866773319301,0.0244620252825381,0.86527842313366,0.95745990851055,0.0204489257652848,0.955560187508848,0.0289164101450006,0.981409345747498,0.0268971089698664,0.455287436141911,0.96042153323641,0.0740675682409047,0.0601411216671478,0.902384518335808,0.851983179253182
"TCGA-AB-2908",12.7919,0.921893988802391,0.0241597833636988,0.0130198944292834,0.935703394170455,0.0173970413793946,0.120775775177768,0.831729709471984,0.0175155095365542,0.906209998064668,0.981024229055951,0.0197645549083802,0.977896908220673,0.0242630845894832,0.986500607703483,0.0234351864732821,0.0645004657982209,0.946404287019065,0.0394995775334212,0.0581494687412605,0.909325035857504,0.893874890306011
"TCGA-AB-2909",15.2522,0.911120683449974,0.0252184225201854,0.0152684222571823,0.943173533247374,0.0210996375500942,0.878234577345114,0.910762775845585,0.0242840502598484,0.901486694872922,0.964272569384994,0.0238004875066464,0.960164089983151,0.0378645911357295,0.981057396491693,0.0342198462450947,0.442029925101407,0.954276174919329,0.969572728413557,0.1225016914761,0.893293458510684,0.847973372095622
"TCGA-AB-2910",10.7626,0.92017846234731,0.0238620255921993,0.0122749363819563,0.333644396783719,0.0218392630752952,0.491022291885935,0.914099713184713,0.0185565849399444,0.916997224861312,0.985015955490454,0.020983760761728,0.969128359460907,0.0268677215307,0.986942220436588,0.031383400688287,0.151743254945671,0.950634960805809,0.537351850003114,0.046033728372125,0.942637919335342,0.916787475742893
"TCGA-AB-2911",7.4969,0.924126799517043,0.0275681803101614,0.0134158867120927,0.920504981366229,0.0208931740021745,0.127992838868556,0.852847038486241,0.0235015940568927,0.884433883473578,0.974212303476617,0.0236398534070876,0.968822863293347,0.0275717682677796,0.985481453825737,0.0245401256585964,0.185103742486145,0.960542755219943,0.0371951373822786,0.0617240774164914,0.923917550720231,0.904633305641345
"TCGA-AB-2912",2.9963,0.903308287625463,0.0189387026598043,0.0128112763362731,0.942281729978943,0.0161134869704909,0.133485027297915,0.867222432545796,0.0218991785581965,0.920728678545249,0.979860738472107,0.0190988781038617,0.967353676608048,0.0245981716700148,0.982214139034023,0.0209677486550881,0.172406539789715,0.966769736403997,0.0299000783941729,0.0653548569776335,0.927625150907356,0.89083748791705
"TCGA-AB-2913",19.8092,0.936352240709036,0.0273229950985388,0.0200393947096107,0.917800591935943,0.0218682262484834,0.122256849486416,0.577801515056905,0.019441731712753,0.920143435425114,0.977479354986425,0.0189127112952096,0.976123037429808,0.0254533644219112,0.978956326831725,0.0212751986864295,0.135343650574261,0.953230578785889,0.0286124683672401,0.0697156846598896,0.950574875281198,0.896550122985472
"TCGA-AB-2914",11.8479,0.911386036142731,0.0235243543730541,0.0115178458032252,0.916943519522874,0.0187127764881306,0.122462428544894,0.759985029809878,0.0217870864168528,0.914353801761929,0.977822800029215,0.0209667969241236,0.963390826915489,0.0321859433017684,0.983351413143502,0.0286675810807869,0.444536981577029,0.952235109171849,0.0253503199452651,0.0958388990843478,0.919028273624732,0.903301232436965
"TCGA-AB-2915",5.0427,0.923146037025077,0.0290738038351602,0.0174272655087705,0.949747273074827,0.0204624197730649,0.91396470629455,0.926633596351279,0.0211177434299906,0.913024930716746,0.976450940029563,0.0211926029653579,0.971224198952452,0.0329514954503563,0.976801742074599,0.0724706006604749,0.564142385123761,0.9625573169543,0.980384963223844,0.25193008366892,0.922464452680612,0.920003972281027
"TCGA-AB-2916",2.6537,0.920749399491405,0.0205417394216629,0.0121515303786057,0.942694360637985,0.0178870821012964,0.255743615909694,0.787579893546596,0.0196294533996335,0.919153137760233,0.974057797093215,0.0220879524037042,0.982270165445262,0.0303194524756793,0.984649391636273,0.0240674473825646,0.309910570508677,0.954807688163571,0.0771763034334896,0.0909297804500049,0.94082530124973,0.925989100694684
"TCGA-AB-2917",14.8341,0.907918401906327,0.0301500343842017,0.0139744841085199,0.950546956245422,0.0216333920066912,0.102678963106452,0.886689680213337,0.0218554810732156,0.923681485008149,0.977999455649973,0.0214013468016935,0.981676358566254,0.0309008060427082,0.977958860728903,0.0503329639564853,0.776520526754646,0.962560054379235,0.0516474969680197,0.20781210034221,0.935139490489735,0.932170911286259
"TCGA-AB-2918",28.8562,0.922704671357733,0.0343660397799765,0.00963208050145781,0.88767527457234,0.0208564536297941,0.0995499718145742,0.803433992538926,0.0154337519662961,0.901133868298275,0.979287947977871,0.0220153489476861,0.981924279239638,0.048812418810899,0.973890154832772,0.0381582382753516,0.105549721410815,0.955693989298345,0.0557899769936539,0.0451074545213198,0.887538521199972,0.879932003510749
"TCGA-AB-2919",38.2184,0.918125416349279,0.0243676918414963,0.0115882935482274,0.909933515853418,0.015747127450796,0.118313957522818,0.866362099817654,0.0165443898288119,0.917062292103653,0.98096263172348,0.0203014328051807,0.976890081456751,0.0294457198082371,0.988912158917722,0.0242913226923698,0.0871499183738478,0.951306193204894,0.0341295617848686,0.0497712222046842,0.893863964803997,0.880579887329614
"TCGA-AB-2920",10.7626,0.915314666628611,0.0269363737233971,0.0147300903380084,0.95669006871424,0.019156565327941,0.251633107374938,0.785010996134143,0.0174399021384906,0.935091077593229,0.973382202685521,0.0162785009809132,0.975948910462233,0.0393826636520111,0.983929299239696,0.0654082685642786,0.444678601070376,0.952903984007829,0.183783583812235,0.28185499122159,0.937220063581952,0.93257511586734
"TCGA-AB-2921",22.5711,0.943073186172277,0.0217146936903832,0.0165472369971456,0.928863206951971,0.0197151605759764,0.176692364813999,0.650408846027003,0.018514336190424,0.882745236832316,0.982068570606298,0.022193929865124,0.962039393635661,0.0259583813654315,0.98280175591301,0.0204405380597927,0.139192574581211,0.955533756126037,0.0383377620795881,0.0592756019604391,0.930178524719654,0.901757516513545
"TCGA-AB-2924",1.3437,0.933782228382186,0.0229243250227342,0.0126895338473775,0.944974126155305,0.0169432331559977,0.278709362120458,0.440573803223537,0.0169285593168205,0.921377237820223,0.973003611031331,0.0178416358904328,0.975980604616509,0.0341868386975612,0.982313485469503,0.0402434636102661,0.271807189159231,0.960860091379993,0.125658905806238,0.0775060018961198,0.900405561683413,0.917004878865964
"TCGA-AB-2925",11.3189,0.916389845537547,0.0258372440932046,0.0164037183777814,0.945945252792228,0.0199750630758332,0.484859673732884,0.888494814676964,0.0202374010736441,0.890297168693615,0.971343353049215,0.0217031246156162,0.938856637771233,0.0277680589705182,0.984294694438073,0.0417399477927777,0.191451096167356,0.949962176744652,0.478121375477375,0.0975520961842425,0.895518851828409,0.873420697310901
"TCGA-AB-2927",17.8841,0.918892546857856,0.0261432159902271,0.014492667430567,0.942288152382947,0.0189127168300889,0.237938301676748,0.703496155959924,0.0265025428093617,0.912449306120014,0.978717940665262,0.0283339316350069,0.953986769017519,0.0283197585251721,0.985300300452479,0.0369072322939426,0.29844620545478,0.959618127991711,0.0733964620055407,0.0855370637723456,0.922524719902883,0.875530818664066
"TCGA-AB-2928",15.1753,0.923516791127744,0.0267438071227743,0.0197121529575472,0.947853273083087,0.019146563711064,0.486789794469401,0.877804221422983,0.0239441664168389,0.888185774076347,0.9760942034374,0.0373042333368938,0.965242803614128,0.0306563668898878,0.980498598036984,0.0330700511101225,0.115924077291877,0.948284663946141,0.344425448220465,0.0611131577528701,0.910811335759152,0.890588338515147
"TCGA-AB-2929",2.6925,0.914661743173458,0.0290815020565149,0.0138986499931723,0.955652073494077,0.0158883535660657,0.831271262244366,0.920905004825985,0.0169376662579347,0.902435438298814,0.970992376911568,0.0217040633133617,0.98197369859676,0.0211784954056198,0.982118525884384,0.0363429606859565,0.34827378591093,0.957452729463075,0.933038573852092,0.133242409521655,0.943761467428838,0.903193957139974
"TCGA-AB-2930",27.9978,0.887956403218933,0.0343160303917642,0.0114092858674049,0.936183249046927,0.0167618179469407,0.325293572831127,0.454823679417254,0.0184425831756269,0.841227815832378,0.962218118319077,0.0159897764254056,0.925871295719916,0.0272419920766943,0.974065350652954,0.0235344511513885,0.140614898380447,0.941706758770425,0.191373476996481,0.0689869879215214,0.820348437498225,0.812818568661232
"TCGA-AB-2931",15.7903,0.912267335897745,0.0269837251700956,0.017413357942859,0.950368086167144,0.0232658275293905,0.221991141953726,0.791575084401728,0.0255991722276929,0.894556462862693,0.972510747303839,0.0244006983687925,0.964861064774353,0.0286585842310467,0.981412291267224,0.0195334140039185,0.0760210640469693,0.95629499519437,0.0629816780438752,0.0702511391238208,0.93553455419783,0.896697272581304
"TCGA-AB-2932",1.299,0.915764566977738,0.0280367391253196,0.0144969758896327,0.949293045938382,0.0178335245048443,0.309764524610105,0.893901100688101,0.0189291836871499,0.906825288267724,0.974707938360104,0.0197370927515044,0.970302371474606,0.0268551490074862,0.984709026273134,0.0530697420168771,0.649159007452362,0.957923742990698,0.102159798352955,0.223881020548607,0.919477158255732,0.857975938715446
"TCGA-AB-2933",22.0483,0.901650029879743,0.0208385518800262,0.0123328339509699,0.917977182023363,0.0163081531805262,0.676281874780976,0.713922538827833,0.0149831742523227,0.880372057386033,0.97484412183542,0.0164378192958068,0.946136403120433,0.0247198807689291,0.984946817249025,0.04352833916188,0.215430816059829,0.958791865639991,0.822784624838784,0.082233154295812,0.875497169945205,0.790895452776727
"TCGA-AB-2934",16.9871,0.916402692190391,0.0257573785958391,0.0153776080928918,0.931681043391062,0.0179640830992583,0.206862123152317,0.740471507654614,0.0231123091670827,0.904126892475236,0.982802517693525,0.0290016003496345,0.951784223261638,0.0256031184395161,0.981328922643333,0.0266106619741885,0.354092793868974,0.959710008426241,0.0447411541730058,0.0833542600371889,0.941969605175249,0.895095696205663
"TCGA-AB-2935",7.2294,0.918542812991815,0.0148828198744415,0.0101246209903576,0.916210334227161,0.0189471172153913,0.167960958333547,0.842339905693674,0.0168257291539116,0.916070985471931,0.980129536419607,0.019443084999353,0.9596522386644,0.0275848843771099,0.982585146788306,0.0533146575470511,0.603028193768247,0.964713319600702,0.0311739365115265,0.207271613627676,0.92834937070906,0.87907043922876
"TCGA-AB-2936",10.5728,0.915518672169957,0.0334359520264329,0.0176620778727033,0.955306250321227,0.0186844052836641,0.941965267044558,0.935676365707669,0.0243333643629405,0.898313471708961,0.976667889622889,0.023731092642779,0.973895277199094,0.0288750252912407,0.979848555349595,0.0285996479840092,0.440201333766665,0.94750383502114,0.977909640909682,0.102850101136111,0.92627664888406,0.927656322924189
"TCGA-AB-2937",18.1918,0.92562364367257,0.0230774510414633,0.0124838258898451,0.953812907963476,0.0168577920289208,0.134334664168848,0.893365017744452,0.0196299444183916,0.931645640156712,0.977245992192054,0.020485885511164,0.979691685424807,0.0250985003788114,0.98561072234269,0.0813763359392423,0.581461090133929,0.9605655087426,0.0331738965623047,0.256200275182587,0.95371084598227,0.921231414832958
"TCGA-AB-2938",9.8449,0.928516149083514,0.0216363777978227,0.0137033149962173,0.93345172246187,0.0226874785284057,0.0974079402725838,0.875436815708804,0.0202686094264067,0.921550559500219,0.97778876182746,0.0229267095942928,0.979136940919677,0.0263354548986497,0.979168767494683,0.031874830125104,0.292725218512586,0.953251989993791,0.0493801588424634,0.0604897344825775,0.933245664684152,0.949929182247799
"TCGA-AB-2939",12.9763,0.934105417724609,0.0250531090362329,0.0149860833702373,0.950221088434431,0.0178766548350409,0.15784197072668,0.704149950352864,0.0182465371175886,0.870287639179568,0.979593854139259,0.0199179073487773,0.966005065347356,0.0294039995785559,0.979198088947951,0.0307598698345118,0.0985964953882145,0.955563896014159,0.0537854459107682,0.0575998521498583,0.935012948475943,0.885501576504631
"TCGA-AB-2940",17.8958,0.908314126597056,0.0203336334993945,0.0109295480154496,0.957630372866313,0.0211564870964394,0.117324236720441,0.863222455572621,0.0163193253126982,0.90631437504501,0.982579861897316,0.0207169295621141,0.966536085470103,0.0225969142658593,0.982591266261661,0.0238407301631214,0.418449967114814,0.968281282715923,0.0438501273757448,0.0883050163658837,0.917640562170191,0.900432557737864
"TCGA-AB-2941",6.325,0.934612482339802,0.0235586219437469,0.0140875844667823,0.93988678584852,0.0190955714120543,0.119033034344856,0.725613131329179,0.0214718156132142,0.882352056298381,0.977817735122358,0.017398532852881,0.967275904213073,0.0278669986007434,0.983282535137974,0.0250704816890795,0.450943436933369,0.950306942084606,0.032142088188727,0.0911579521519593,0.902357597394553,0.863119937881659
"TCGA-AB-2942",12.7995,0.909727603777669,0.0266525366400441,0.013251035837683,0.941469751345522,0.0198658647142721,0.209211049336298,0.361211903329933,0.0191412521241726,0.89728492076815,0.971004509477453,0.0189403639713629,0.970336607357287,0.0240792901932312,0.984706456214574,0.0365367229926442,0.209350130848754,0.966646887860503,0.0597748501874922,0.0832895734502047,0.936442556994093,0.914284151910775
"TCGA-AB-2943",12.9451,0.910870011730905,0.018674593105264,0.0110414012326707,0.935909018705121,0.0174244825895358,0.187383000195773,0.804459590151927,0.0178183955866412,0.906992929047674,0.983931296706405,0.0215819509102251,0.975157143122522,0.0262989380594672,0.988744563255998,0.0224263126293927,0.625937725880871,0.92786231701226,0.0550563840891932,0.0852368221872145,0.934135633070749,0.91847964311253
"TCGA-AB-2944",17.3521,0.911123000003485,0.0233865673648001,0.0125456675432603,0.904959516387754,0.0159275716457698,0.338674401527068,0.724972669638657,0.0168234289355501,0.904112973899384,0.986600034463657,0.0188873681548908,0.976204316498558,0.0249250249834458,0.990481289128284,0.0605425834768435,0.252947604527122,0.974676370811016,0.218240594407946,0.0760543810595347,0.86238053953913,0.846143717075016
"TCGA-AB-2946",13.6113,0.929234332890425,0.02802395540501,0.0136504490111623,0.957374015887955,0.0203313776658074,0.135707625370917,0.786679830358525,0.0189499824511031,0.912603433345962,0.977612100142149,0.0235993794141064,0.983242398408234,0.0277208097788759,0.985983978255405,0.028645843768129,0.340631189276007,0.948929021597641,0.0342898298709764,0.103684780642359,0.923626924064105,0.933446865175018
"TCGA-AB-2948",7.3894,0.910227970110094,0.0254387099748559,0.0159254330905754,0.956881430977194,0.0212186688152904,0.923010714724657,0.931026740056995,0.0240305760042453,0.920281285422848,0.977811139444557,0.022355922606644,0.971832231966347,0.0309520268189775,0.984601167809127,0.0295212589915059,0.272371427204953,0.969928829760323,0.979709560529098,0.0815258360459153,0.91591000230219,0.924453824819909
"TCGA-AB-2949",16.6082,0.947952031164636,0.0215507644160594,0.0166109590900661,0.934596437907632,0.0181785785159478,0.127466275711991,0.917895722272813,0.0226770781868087,0.927527522998369,0.980670989582586,0.0220618129223598,0.973813188950257,0.0246128777797695,0.984595686321333,0.0220584928751999,0.712688885574367,0.969608406372438,0.0295087747273234,0.0932789204374016,0.937817834027412,0.889656682670503
"TCGA-AB-2950",3.9142,0.935009653961713,0.028297053804719,0.0135570382841714,0.787451992300524,0.0179760332987159,0.288896256659442,0.909127066347544,0.019847373298393,0.926663380581703,0.979439731639641,0.0170723721738846,0.980363458994648,0.028719774222866,0.982533632939925,0.0319845137091563,0.516439282956615,0.956548429267601,0.0625968797218312,0.106261455705868,0.941379688662402,0.896737774875106
"TCGA-AB-2952",13.8105,0.925884182779386,0.0252673274655558,0.0135687114165269,0.944492644481716,0.0185259243501599,0.231035873070284,0.869313338620775,0.019323548345796,0.898986762299883,0.980206248375822,0.0206571768169178,0.955808185509523,0.0230908315810991,0.983437157118247,0.0331400340466281,0.237059201231652,0.964115627817434,0.0470405593289084,0.0732328931548699,0.892983410275631,0.866569906749144
"TCGA-AB-2954",6.4239,0.904776933442248,0.0203951309437526,0.0132483409928503,0.955270326787952,0.0187467355973645,0.849755004906076,0.929937313728023,0.0170723965563164,0.883001595350098,0.978786960593161,0.0195912594585048,0.978801846977445,0.0242783458285201,0.983742880633801,0.0644253203771568,0.73983505739766,0.961757431870691,0.95235414698242,0.300282783856597,0.942847158260528,0.904374379357867
"TCGA-AB-2955",12.2103,0.901454478195618,0.0210820101547849,0.0118662804712816,0.930144924880915,0.0183298739505087,0.701214595984831,0.788737385735314,0.0169958457282162,0.896785343228901,0.964353332318359,0.0165567867093525,0.968168118134539,0.028180812385244,0.986149542767933,0.0886816195242738,0.51786622321908,0.968121821039232,0.868585673147846,0.261204758848961,0.881613490954099,0.865284215659219
"TCGA-AB-2956",30.3685,0.922465921280233,0.0244889814885853,0.0114488643856776,0.944377684689447,0.0157780764998203,0.881299601284611,0.919460550537188,0.018199465743256,0.894438167957472,0.978608367878643,0.0193248935029059,0.981274329125589,0.0230074006170258,0.982940707698753,0.0245648253293199,0.647590897496187,0.941719773272317,0.979260204360305,0.136693852878311,0.939828273200054,0.899490333458251
"TCGA-AB-2959",8.6297,0.908463925399658,0.0247287160615272,0.0123257227029434,0.943735977323034,0.0145344789895989,0.821914964465388,0.883724485634251,0.0157876192343786,0.902027665072729,0.976179160465675,0.0209998089604039,0.954097584123256,0.0214144231858238,0.980157565477087,0.0453462811863097,0.231176221232518,0.948038591130696,0.953056380963022,0.11459798066917,0.916102760768298,0.886761542436375
"TCGA-AB-2963",4.654,0.919804698205743,0.0252100079867078,0.012025140130076,0.954098130995088,0.018571570390142,0.19633967870369,0.852559781258815,0.0194050953667565,0.901328029276859,0.973033300821749,0.017327153376102,0.974978454596209,0.0256725453272279,0.985009677883661,0.0323712183244679,0.474091560802672,0.960947880234579,0.0698344744797255,0.127509308254379,0.958478973122184,0.899515465715919
"TCGA-AB-2964",20.3797,0.922405683995796,0.0225500190713725,0.0141893157930417,0.938755697599048,0.0157647601298998,0.880391174196721,0.921184560001862,0.0189553368940455,0.897882908581002,0.979630327587726,0.0174480034698202,0.965815264479944,0.0257109661477903,0.97678711399005,0.0275648554797296,0.504991573795684,0.958145390150595,0.976342661781189,0.0728941143410702,0.925857625312153,0.88776827407928
"TCGA-AB-2965",8.4657,0.909348755711606,0.0255624665571219,0.0129338357029649,0.952323741043534,0.016243102560982,0.177071676880296,0.813644227568275,0.019218990444871,0.895821771764877,0.981262596129558,0.0159863075391606,0.983800362248194,0.0272636781215097,0.985723914356048,0.0450930063542591,0.703229871923056,0.949935581960914,0.038649519102773,0.21365956027678,0.922774547123086,0.830583847241387
"TCGA-AB-2966",30.8962,0.913743050787275,0.0288968575511553,0.0159764944692758,0.947403784239849,0.0191713320621055,0.192256203049624,0.856322795771866,0.020080389730954,0.915625064366979,0.980735149707056,0.0197121599428641,0.972116606578614,0.0370528816609187,0.985530284572679,0.0316749750568205,0.59566243003601,0.963143255792376,0.0398011281600231,0.0965180466183908,0.930385594879035,0.883481735047689
"TCGA-AB-2967",3.4797,0.901342522693368,0.0248306071409197,0.0147870964132672,0.950654501019463,0.0183897194674574,0.143236676473498,0.854084339200819,0.0218127247302114,0.928121014716452,0.979442100026899,0.0209678249574061,0.974655199460672,0.0295203686027257,0.987747479169164,0.083561486459609,0.750686680680919,0.972864590522247,0.0376492483472939,0.286019144301302,0.932186075760661,0.927694198420233
"TCGA-AB-2969",5.6361,0.911109107574183,0.0249781780817276,0.0128873762181938,0.956209381208184,0.0175170024949,0.13431947008013,0.822037684381255,0.0179597088120084,0.896793940560338,0.977361976027526,0.0207364343373082,0.977277695709982,0.0259826353089053,0.986818135864779,0.0253549248737067,0.605120425036543,0.960398390859711,0.0342512162313785,0.0596740795491102,0.935046077835988,0.917686325247532
"TCGA-AB-2970",34.0725,0.894989588369577,0.0280431020335926,0.0145607024627654,0.933744554319203,0.0198003692577891,0.767421266387091,0.772466327772662,0.0241559859384033,0.867531883162348,0.969276607895746,0.0258327862015075,0.966860455942988,0.0285875763639371,0.97660391807346,0.0375655982619442,0.378886568420652,0.953584460687128,0.918135850502873,0.123098705684137,0.897690470521911,0.853121483614658
"TCGA-AB-2971",5.9753,0.907627303034651,0.0341153801618339,0.0121643610333958,0.948899839663042,0.0190824700309429,0.37555234458027,0.859479524270501,0.018226164754407,0.892572817382916,0.973496085893393,0.0177788617798716,0.97860992821987,0.0280723082827527,0.984852563052556,0.032859960635091,0.193785405957593,0.96839117691368,0.220341168301269,0.0850817129207099,0.928567573981691,0.896438227960848
"TCGA-AB-2972",14.3085,0.924573498642111,0.0345769243489999,0.0150999119929211,0.426434781139571,0.0198969961032826,0.175094251419508,0.856613966138735,0.02461410211129,0.888660749969549,0.979695440047598,0.0244431230155844,0.97584190094103,0.0271093261517617,0.97586520336545,0.0246802432310345,0.143146427057378,0.97158424468263,0.038363834307643,0.0570963250878577,0.917892137010042,0.888900413021826
"TCGA-AB-2973",1.6025,0.88627387653753,0.026984702997632,0.0164320954213899,0.961405289957362,0.0184920955657155,0.623493900500162,0.915906171086022,0.0159672210673957,0.908932676183151,0.981172647481021,0.0177466492693097,0.975759696296354,0.0289037738828273,0.984106639475204,0.021799427130141,0.106992578083932,0.940516015958026,0.76114395576499,0.0654073817755377,0.922321731950023,0.8970909797999
"TCGA-AB-2975",16.2493,0.915012114442644,0.0220745736010069,0.0164550039211206,0.967727133769414,0.0185291804985766,0.514276072606901,0.956416631083665,0.0205273392769241,0.924740858008237,0.982052377705123,0.0222479314215521,0.987072943003775,0.0304165875231051,0.984341346755611,0.0288678476825301,0.0739601855761528,0.952461540117328,0.489080391199319,0.0473341129448777,0.963143912513703,0.940654231099815
"TCGA-AB-2976",16.475,0.931716170823812,0.0224925276344455,0.0122566475514442,0.896781074266377,0.0146491511671788,0.181762169696133,0.890646623948618,0.0171670686950779,0.92083665756624,0.977185529098705,0.0208387010164689,0.982815030833163,0.0260946689991887,0.981179156032274,0.0304852983558048,0.129060818486731,0.966289889454487,0.0664803637473005,0.0641025315595194,0.938425458551601,0.927964475164766
"TCGA-AB-2977",8.2069,0.900091990672845,0.0216270895695991,0.0147397588862652,0.950849779413756,0.0183834641824999,0.200158330396076,0.727498952461827,0.0213593425084782,0.901451740522841,0.982200846515802,0.0247847446825529,0.965261269690171,0.0299355083796709,0.981901111169728,0.185318154855917,0.660254468221385,0.958254038153427,0.0371439184340471,0.435815156899402,0.934790810836063,0.906649480090869
"TCGA-AB-2978",10.1308,0.906175619622786,0.0291778549810795,0.0155624014372797,0.928598628537929,0.0158499274574117,0.711336925447745,0.800643353638585,0.0231004199976156,0.856444544117723,0.976610735025918,0.021853187309283,0.962359913883401,0.0309965361488743,0.98091063789494,0.0276787162875774,0.29372471510032,0.948856851745675,0.882781538364068,0.0838514511628933,0.884264623296708,0.867829719710925
"TCGA-AB-2979",27.8591,0.911984670901636,0.031224864368553,0.0142086221082609,0.941634703879791,0.0196631996526677,0.154154809629095,0.614606812011959,0.0206455704613526,0.92289633493037,0.97834024214248,0.021304177451653,0.957885058362291,0.0311215352219355,0.981261859281897,0.0684692931174254,0.550765587769807,0.953691465778123,0.0276799942327349,0.221897142819884,0.928496855370018,0.885182447531143
"TCGA-AB-2980",21.8118,0.898868847420454,0.0289832290116755,0.0128882748889052,0.597838446483549,0.01802321613791,0.448426321098554,0.379814541438238,0.0165383523806813,0.465578063777964,0.978687044189372,0.0177198039851923,0.833465210504965,0.0269971648652304,0.983602330953104,0.0375622146039153,0.147517645353578,0.965452781834677,0.299512354827932,0.0689079638746937,0.816264208658409,0.759601435553181
"TCGA-AB-2981",1.9428,0.899159702392827,0.0223903685400282,0.0149455968710499,0.924698429344671,0.0189286995553034,0.357090949868488,0.585352709008873,0.0249209398365338,0.895969460611613,0.973281469479938,0.0287852764733895,0.948216769691126,0.0308713572096499,0.982457016558572,0.304311400610531,0.468926342674899,0.940153655331387,0.26794013814397,0.406809051152936,0.89720504477234,0.843443773766773
"TCGA-AB-2982",10.1861,0.889477794570449,0.0311565849471874,0.0152944144766093,0.832713745493281,0.0225399248289631,0.447612079507852,0.69954168169589,0.0277333317250402,0.875373058480073,0.953510023853228,0.0263384417398729,0.916440651217135,0.0300673536640598,0.977548183814407,0.0400822290877315,0.21069173209203,0.947622340168398,0.384762928877558,0.1029408011401,0.837516884002645,0.802794349907985
"TCGA-AB-2983",31.2413,0.92318645202401,0.0198386784615556,0.0115813040556187,0.95426438039041,0.0180139003450081,0.764573111057997,0.845220060863707,0.0191477094826397,0.892664158628756,0.979226850085511,0.0200979667629618,0.976188230985099,0.0301460224322422,0.986177094789966,0.0504781248150726,0.282002001346878,0.956554206466938,0.896992681990697,0.115065954389722,0.906789398850199,0.866852982319134
"TCGA-AB-2984",35.5388,0.921361208045432,0.0246408415621281,0.0123806659541119,0.934789120344973,0.0199585648627391,0.393828866968074,0.829801370903373,0.0179749446838624,0.894537300740041,0.977555781070587,0.0188332179797758,0.982728726022339,0.0281311642144992,0.985881193497351,0.0537486980456519,0.554972163359658,0.95643290456409,0.223935715200678,0.159119760028024,0.91909586983013,0.88454261785787
"TCGA-AB-2985",8.8094,0.945936946581688,0.0268205156850588,0.0138091852199453,0.938387602307847,0.0217870429239592,0.198207484552628,0.344052529830031,0.0211203405286025,0.89142716586637,0.983624895096929,0.0205890379674986,0.979382216062235,0.0303529886188136,0.980811291669739,0.028548887997661,0.238863344817235,0.96112516388918,0.048394071979146,0.0865047699369652,0.908406164839171,0.917317908129828
"TCGA-AB-2986",12.3408,0.901196638429958,0.0217472321012355,0.0141151326546619,0.861373187418991,0.0191449988976784,0.428536985214547,0.897206264167526,0.0186985752137953,0.898277486280091,0.980643238380097,0.0170631345615268,0.976250216366479,0.0254566638020315,0.981507461453846,0.0238479567377813,0.138264246298736,0.948329742447304,0.477711093928837,0.0566766265287772,0.915612917412898,0.875082470797771
"TCGA-AB-2987",1.8264,0.930414266678462,0.021305466562356,0.0154580217046124,0.958434780201341,0.0168139279861737,0.942790321357429,0.947831165377097,0.0178360255191206,0.888404908521737,0.983239555462916,0.0184632049466115,0.986052708934682,0.0267693852557942,0.986728990958744,0.337189155493963,0.845512543653747,0.952332550772951,0.97037944607745,0.669283196443503,0.940567156641108,0.92008179674841
"TCGA-AB-2988",10.8286,0.945885248381038,0.0254985837742697,0.0143802567291958,0.740639665465957,0.0191533339271559,0.102408960530803,0.581141818863453,0.0237840265624078,0.8984697295635,0.97934684190149,0.0176501994180974,0.980149429641168,0.0296757488281924,0.987374485345655,0.020988749161017,0.080311958726295,0.953459359014362,0.04485808400509,0.0534958413921193,0.927364244486455,0.92568334737997
"TCGA-AB-2990",20.752,0.93732304405625,0.0226781672626648,0.013807354803433,0.952968740227099,0.0186959841930702,0.167061752017306,0.779901882851325,0.0243491005010222,0.909029732750141,0.978070098530347,0.0180868984199381,0.986808310620762,0.0320287176943246,0.985763232600007,0.0456885774890479,0.493329561205489,0.960138445817662,0.0451516235434474,0.207069093225268,0.946012875177927,0.90836911926868
"TCGA-AB-2991",5.2019,0.919686664331795,0.0242418660744728,0.0117102493114578,0.732058232024248,0.0176066094687675,0.309830296890357,0.904170912869653,0.0179997814526845,0.915588400508358,0.982538437397142,0.0159358222126901,0.983448189711579,0.0268489334421742,0.983719925418864,0.0429966930138254,0.405653180435935,0.953222610089714,0.144741864036679,0.0919376337215339,0.932613888402022,0.931856123818311
"TCGA-AB-2992",10.8169,0.909644107665891,0.0178134821143274,0.0130735439239951,0.663420197510527,0.0210147793383437,0.885784559491992,0.900235421219021,0.0165347491599917,0.904521217047433,0.974704912730757,0.0213460036142203,0.978826977651554,0.0253100636135306,0.983715256956145,0.026735102851627,0.398856278465004,0.956682581445219,0.968977059875344,0.0874543843752988,0.958863364774969,0.923551773184604
"TCGA-AB-2993",16.7822,0.909267517524698,0.0224256024346385,0.0135679041536597,0.933266024666219,0.0211964727439037,0.653256109301003,0.743669336136475,0.0243552095796901,0.870628899329718,0.968535366253244,0.0220436669951218,0.919399731270748,0.0311589446479036,0.9815275808985,0.0266758970629578,0.085489434751307,0.929145322273703,0.832940148288234,0.0498665132558185,0.870860766333124,0.791832397511014
"TCGA-AB-2995",17.079,0.928785010393293,0.0219925681501682,0.0119428881018444,0.820518196675855,0.0161759388078102,0.106816353580589,0.921676485501237,0.0219251764315141,0.935366795871217,0.980512122999124,0.0190189319630515,0.98100570635405,0.0351013076189036,0.982836676152631,0.0266152247347552,0.642591233935774,0.972645924279309,0.0181155443237134,0.087500843230229,0.958601946228927,0.933822437343026
"TCGA-AB-2996",8.7765,0.934336083158674,0.0173976722524576,0.0136810185523679,0.957936822482323,0.0192029162221314,0.22868295504126,0.936627240701157,0.0171660507288648,0.911876871116792,0.980522436581483,0.0244568301531385,0.975454049070128,0.0268332390970321,0.986573245781601,0.0333527581514406,0.452790294054385,0.964264191057336,0.0553084156888161,0.130862964613312,0.930219079732008,0.916672596237355
"TCGA-AB-2998",5.8632,0.924438123243826,0.0224481860587006,0.0129158585409716,0.964432120462492,0.020879074595383,0.168876158525566,0.886743129433574,0.0197108787789496,0.922569182020796,0.983828835415893,0.0174168662984414,0.982875336921861,0.0232170116157765,0.983087919535329,0.0439704049131523,0.540555301363918,0.956441972483668,0.0300218505204736,0.188532235831524,0.941716031314859,0.926654712586957
"TCGA-AB-2999",6.7329,0.925341918078728,0.0310008587412295,0.0124825968782945,0.942971209938497,0.0214534500366749,0.851236241105898,0.92289038812275,0.0235053574345959,0.913249379189904,0.976018193255939,0.022951851023789,0.970543047938399,0.0294612461023947,0.987036573193352,0.0348911417467709,0.277599630701469,0.955470588090009,0.95254755019387,0.247937422611927,0.947773236642817,0.907986197010455
"TCGA-AB-3000",16.1689,0.893878176838168,0.0231321776687877,0.0128610256788691,0.88944930814494,0.0194147367596625,0.566993362495169,0.652769019392762,0.0165947929445706,0.908387020536462,0.979991178443347,0.0201940235880949,0.968112696333555,0.0237678026216302,0.980944135897091,0.0240885837578839,0.121601605772064,0.950894301295798,0.541932881054637,0.0556555668133079,0.835582783758985,0.883465987247147
"TCGA-AB-3001",9.6241,0.938798765913605,0.0247917673975079,0.0113907827144924,0.952660055040104,0.0145662965258383,0.866289064944027,0.911376391033353,0.0180805398587354,0.910592034383939,0.981389391427693,0.0197874126195196,0.972531629838236,0.0286572906579452,0.986262080750546,0.0252799860311949,0.191965884250993,0.949269569346912,0.978139489581176,0.0604441555370069,0.921274015699939,0.902291685294005
"TCGA-AB-3002",43.8665,0.911935167759265,0.0287197775203315,0.0134933602186488,0.937616364252386,0.0210117376165313,0.632373465712764,0.817482455719101,0.0218354211110592,0.897693540682711,0.973282706730564,0.0179986218230154,0.969235207993484,0.0327108706703209,0.982781204395514,0.0357014374210636,0.184964825019367,0.950676146311903,0.769231424609677,0.0844454472127175,0.924814791971196,0.907337274001603
"TCGA-AB-3005",7.903,0.927918990758005,0.0313410018686479,0.0110507311402329,0.930520915236222,0.0204918410557145,0.606405032772117,0.971754547850105,0.0214135513907486,0.913481514727786,0.973849362115684,0.0175056546333425,0.974616220075592,0.0241755162106489,0.982311864423443,0.0255598016271902,0.403198089050011,0.908389209335824,0.75111825476392,0.0573399716990602,0.93261183628998,0.926209029152436
"TCGA-AB-3006",14.5652,0.932487074765221,0.0208202205720433,0.0129330467869431,0.961332493848041,0.0173056953359843,0.153853456860982,0.775177273168036,0.0191787364440401,0.935969917812698,0.979949746572555,0.020009806004026,0.97095451565739,0.026969519648992,0.984224294219141,0.149189519820546,0.678593581016208,0.967984874403615,0.0417921104440877,0.34991385553001,0.92484546104886,0.881568074240541
"TCGA-AB-3007",16.0782,0.90385096409698,0.0258241548532793,0.0159276384111149,0.603047608817056,0.0208348949730225,0.299044814195503,0.759534227783334,0.0220777243315499,0.920929415427781,0.976012590928692,0.0215262789489508,0.945485981645781,0.0322443559370804,0.978894794948709,0.0276338691285338,0.175929803441028,0.95272282200484,0.0579752656425251,0.0563983489142148,0.904672487211299,0.88745896655479
"TCGA-AB-3008",34.1262,0.923655188451859,0.0258719698845438,0.0158604815311251,0.954945904652003,0.0198130409667469,0.430640398545015,0.838938932954096,0.0168262899724892,0.915655308382879,0.975312692950937,0.0217968351347719,0.974122903127362,0.0297266016411376,0.983897786308888,0.0276086120794067,0.200284240212171,0.955529533296983,0.355824037609338,0.0867315767769303,0.902083951802579,0.841375733205763
"TCGA-AB-3009",11.9134,0.905653802865475,0.0276776775058805,0.0163662184253628,0.940751067886746,0.0218976806574945,0.216460460655899,0.872951414617118,0.0273123125761741,0.908421447862248,0.971491849906977,0.0269157643588344,0.975906083835706,0.0331424981059314,0.975386460053939,0.0323195090676935,0.11362385722592,0.958638990805587,0.0453218915259514,0.0726408100562564,0.931566169789056,0.888674613604317
"TCGA-AB-3011",12.9906,0.908939184685407,0.0284090234195078,0.0135506861252477,0.947191720230157,0.0260762788383469,0.286794426521946,0.920078759143877,0.0157299262204882,0.910533416298916,0.981057020034352,0.0220758321954469,0.973229261068126,0.0244113674850638,0.979162898079468,0.0250288778628159,0.151423188853043,0.962880903087441,0.10797937047257,0.0798495882484901,0.907414160734377,0.886119505832262
"TCGA-AB-3012",6.1915,0.930762131467455,0.0296935805089308,0.0136124423199659,0.957684311246884,0.0187345975779359,0.168005170777748,0.911318848315802,0.0248821342095679,0.903502920945168,0.975400060404428,0.0257065650335467,0.97861677190997,0.0305153717080754,0.981613224371464,0.0216006438311224,0.0932407569777613,0.957347724960642,0.0402524704921906,0.0542558060198181,0.9354740173487,0.912228977077258
