"CpG","correlation","p_value","FDR"
"cg00144022",-0.077485074605498,0.306701130799282,0.699339752623367
"cg01357263",0.108705863681827,0.150965493516207,0.575738938658098
"cg01400952",0.0107139714962787,0.887768718817009,0.946294271428636
"cg02584377",-0.0575934630299468,0.447703183229004,0.723212834446853
"cg05450995",-0.0246103880610414,0.745774245175627,0.946294271428636
"cg05957567",0.00511393737918307,0.946294271428636,0.946294271428636
"cg06287140",-0.0865494806951674,0.253382701594311,0.665129591685066
"cg07260273",-0.0346027611328088,0.648445332661591,0.946294271428636
"cg12550203",-0.127578444538333,0.0915339072491768,0.575738938658098
"cg12657043",0.00685105272195078,0.928094193051589,0.946294271428636
"cg13717333",0.0582917644991207,0.442207427615884,0.723212834446853
"cg14400030",-0.0920580689346666,0.22430200698251,0.665129591685066
"cg15937634",0.00840487928547688,0.911845720626662,0.946294271428636
"cg15963344",-0.0685034094156454,0.366320822802716,0.699339752623367
"cg19525226",-0.109587116839926,0.147661177658801,0.575738938658098
"cg20462883",-0.0731323827949985,0.33475034707045,0.699339752623367
"cg22191803",-0.0108599371542058,0.886249937777054,0.946294271428636
"cg23474890",0.0122458080429899,0.871851269472839,0.946294271428636
"cg23704023",-0.105241835082145,0.164496839616599,0.575738938658098
"cg26218692",-0.175734275996269,0.0196506811159431,0.206332151717403
"cg27193813",-0.242512088435439,0.00118315654000619,0.02484628734013
